serial_number,timestamp,quantity,axis,value
DX-000001,2026-09-28T00:00:00Z,velocity_rms,H,1.808
DX-000001,2026-09-28T00:00:00Z,velocity_rms,V,1.291
DX-000001,2026-09-28T00:00:00Z,velocity_rms,A,0.915
DX-000001,2026-09-28T00:00:00Z,acceleration_rms,H,0.413
DX-000001,2026-09-28T00:00:00Z,acceleration_rms,V,0.326
DX-000001,2026-09-28T00:00:00Z,acceleration_rms,A,0.232
DX-000001,2026-09-28T00:00:00Z,temperature,,38.8
DX-000001,2026-09-28T00:10:00Z,velocity_rms,H,1.842
DX-000001,2026-09-28T00:10:00Z,velocity_rms,V,1.312
DX-000001,2026-09-28T00:10:00Z,velocity_rms,A,0.940
DX-000001,2026-09-28T00:10:00Z,acceleration_rms,H,0.409
DX-000001,2026-09-28T00:10:00Z,acceleration_rms,V,0.318
DX-000001,2026-09-28T00:10:00Z,acceleration_rms,A,0.227
DX-000001,2026-09-28T00:10:00Z,temperature,,38.8
DX-000001,2026-09-28T00:20:00Z,velocity_rms,H,1.830
DX-000001,2026-09-28T00:20:00Z,velocity_rms,V,1.279
DX-000001,2026-09-28T00:20:00Z,velocity_rms,A,0.922
DX-000001,2026-09-28T00:20:00Z,acceleration_rms,H,0.404
DX-000001,2026-09-28T00:20:00Z,acceleration_rms,V,0.314
DX-000001,2026-09-28T00:20:00Z,acceleration_rms,A,0.234
DX-000001,2026-09-28T00:20:00Z,temperature,,39.3
DX-000001,2026-09-28T00:30:00Z,velocity_rms,H,1.811
DX-000001,2026-09-28T00:30:00Z,velocity_rms,V,1.312
DX-000001,2026-09-28T00:30:00Z,velocity_rms,A,0.897
DX-000001,2026-09-28T00:30:00Z,acceleration_rms,H,0.424
DX-000001,2026-09-28T00:30:00Z,acceleration_rms,V,0.319
DX-000001,2026-09-28T00:30:00Z,acceleration_rms,A,0.233
DX-000001,2026-09-28T00:30:00Z,temperature,,38.9
DX-000001,2026-09-28T00:40:00Z,velocity_rms,H,1.851
DX-000001,2026-09-28T00:40:00Z,velocity_rms,V,1.279
DX-000001,2026-09-28T00:40:00Z,velocity_rms,A,0.905
DX-000001,2026-09-28T00:40:00Z,acceleration_rms,H,0.409
DX-000001,2026-09-28T00:40:00Z,acceleration_rms,V,0.325
DX-000001,2026-09-28T00:40:00Z,acceleration_rms,A,0.236
DX-000001,2026-09-28T00:40:00Z,temperature,,38.8
DX-000001,2026-09-28T00:50:00Z,velocity_rms,H,1.859
DX-000001,2026-09-28T00:50:00Z,velocity_rms,V,1.303
DX-000001,2026-09-28T00:50:00Z,velocity_rms,A,0.921
DX-000001,2026-09-28T00:50:00Z,acceleration_rms,H,0.416
DX-000001,2026-09-28T00:50:00Z,acceleration_rms,V,0.316
DX-000001,2026-09-28T00:50:00Z,acceleration_rms,A,0.232
DX-000001,2026-09-28T00:50:00Z,temperature,,39.1
DX-000001,2026-09-28T01:00:00Z,velocity_rms,H,1.858
DX-000001,2026-09-28T01:00:00Z,velocity_rms,V,1.318
DX-000001,2026-09-28T01:00:00Z,velocity_rms,A,0.902
DX-000001,2026-09-28T01:00:00Z,acceleration_rms,H,0.419
DX-000001,2026-09-28T01:00:00Z,acceleration_rms,V,0.324
DX-000001,2026-09-28T01:00:00Z,acceleration_rms,A,0.228
DX-000001,2026-09-28T01:00:00Z,temperature,,39.5
DX-000001,2026-09-28T01:10:00Z,velocity_rms,H,1.807
DX-000001,2026-09-28T01:10:00Z,velocity_rms,V,1.316
DX-000001,2026-09-28T01:10:00Z,velocity_rms,A,0.931
DX-000001,2026-09-28T01:10:00Z,acceleration_rms,H,0.418
DX-000001,2026-09-28T01:10:00Z,acceleration_rms,V,0.325
DX-000001,2026-09-28T01:10:00Z,acceleration_rms,A,0.227
DX-000001,2026-09-28T01:10:00Z,temperature,,39.5
DX-000001,2026-09-28T01:20:00Z,velocity_rms,H,1.860
DX-000001,2026-09-28T01:20:00Z,velocity_rms,V,1.266
DX-000001,2026-09-28T01:20:00Z,velocity_rms,A,0.938
DX-000001,2026-09-28T01:20:00Z,acceleration_rms,H,0.409
DX-000001,2026-09-28T01:20:00Z,acceleration_rms,V,0.322
DX-000001,2026-09-28T01:20:00Z,acceleration_rms,A,0.237
DX-000001,2026-09-28T01:20:00Z,temperature,,39.4
DX-000001,2026-09-28T01:30:00Z,velocity_rms,H,1.883
DX-000001,2026-09-28T01:30:00Z,velocity_rms,V,1.293
DX-000001,2026-09-28T01:30:00Z,velocity_rms,A,0.937
DX-000001,2026-09-28T01:30:00Z,acceleration_rms,H,0.428
DX-000001,2026-09-28T01:30:00Z,acceleration_rms,V,0.327
DX-000001,2026-09-28T01:30:00Z,acceleration_rms,A,0.230
DX-000001,2026-09-28T01:30:00Z,temperature,,39.6
DX-000001,2026-09-28T01:40:00Z,velocity_rms,H,1.903
DX-000001,2026-09-28T01:40:00Z,velocity_rms,V,1.312
DX-000001,2026-09-28T01:40:00Z,velocity_rms,A,0.939
DX-000001,2026-09-28T01:40:00Z,acceleration_rms,H,0.410
DX-000001,2026-09-28T01:40:00Z,acceleration_rms,V,0.318
DX-000001,2026-09-28T01:40:00Z,acceleration_rms,A,0.237
DX-000001,2026-09-28T01:40:00Z,temperature,,39.5
DX-000001,2026-09-28T01:50:00Z,velocity_rms,H,1.819
DX-000001,2026-09-28T01:50:00Z,velocity_rms,V,1.327
DX-000001,2026-09-28T01:50:00Z,velocity_rms,A,0.923
DX-000001,2026-09-28T01:50:00Z,acceleration_rms,H,0.414
DX-000001,2026-09-28T01:50:00Z,acceleration_rms,V,0.329
DX-000001,2026-09-28T01:50:00Z,acceleration_rms,A,0.230
DX-000001,2026-09-28T01:50:00Z,temperature,,39.4
DX-000001,2026-09-28T02:00:00Z,velocity_rms,H,1.874
DX-000001,2026-09-28T02:00:00Z,velocity_rms,V,1.315
DX-000001,2026-09-28T02:00:00Z,velocity_rms,A,0.942
DX-000001,2026-09-28T02:00:00Z,acceleration_rms,H,0.428
DX-000001,2026-09-28T02:00:00Z,acceleration_rms,V,0.326
DX-000001,2026-09-28T02:00:00Z,acceleration_rms,A,0.238
DX-000001,2026-09-28T02:00:00Z,temperature,,39.9
DX-000001,2026-09-28T02:10:00Z,velocity_rms,H,1.839
DX-000001,2026-09-28T02:10:00Z,velocity_rms,V,1.320
DX-000001,2026-09-28T02:10:00Z,velocity_rms,A,0.927
DX-000001,2026-09-28T02:10:00Z,acceleration_rms,H,0.414
DX-000001,2026-09-28T02:10:00Z,acceleration_rms,V,0.320
DX-000001,2026-09-28T02:10:00Z,acceleration_rms,A,0.229
DX-000001,2026-09-28T02:10:00Z,temperature,,40.0
DX-000001,2026-09-28T02:20:00Z,velocity_rms,H,1.900
DX-000001,2026-09-28T02:20:00Z,velocity_rms,V,1.308
DX-000001,2026-09-28T02:20:00Z,velocity_rms,A,0.935
DX-000001,2026-09-28T02:20:00Z,acceleration_rms,H,0.413
DX-000001,2026-09-28T02:20:00Z,acceleration_rms,V,0.325
DX-000001,2026-09-28T02:20:00Z,acceleration_rms,A,0.238
DX-000001,2026-09-28T02:20:00Z,temperature,,39.7
DX-000001,2026-09-28T02:30:00Z,velocity_rms,H,1.845
DX-000001,2026-09-28T02:30:00Z,velocity_rms,V,1.342
DX-000001,2026-09-28T02:30:00Z,velocity_rms,A,0.945
DX-000001,2026-09-28T02:30:00Z,acceleration_rms,H,0.419
DX-000001,2026-09-28T02:30:00Z,acceleration_rms,V,0.336
DX-000001,2026-09-28T02:30:00Z,acceleration_rms,A,0.237
DX-000001,2026-09-28T02:30:00Z,temperature,,39.8
DX-000001,2026-09-28T02:40:00Z,velocity_rms,H,1.896
DX-000001,2026-09-28T02:40:00Z,velocity_rms,V,1.325
DX-000001,2026-09-28T02:40:00Z,velocity_rms,A,0.920
DX-000001,2026-09-28T02:40:00Z,acceleration_rms,H,0.414
DX-000001,2026-09-28T02:40:00Z,acceleration_rms,V,0.335
DX-000001,2026-09-28T02:40:00Z,acceleration_rms,A,0.231
DX-000001,2026-09-28T02:40:00Z,temperature,,39.9
DX-000001,2026-09-28T02:50:00Z,velocity_rms,H,1.917
DX-000001,2026-09-28T02:50:00Z,velocity_rms,V,1.331
DX-000001,2026-09-28T02:50:00Z,velocity_rms,A,0.922
DX-000001,2026-09-28T02:50:00Z,acceleration_rms,H,0.422
DX-000001,2026-09-28T02:50:00Z,acceleration_rms,V,0.321
DX-000001,2026-09-28T02:50:00Z,acceleration_rms,A,0.230
DX-000001,2026-09-28T02:50:00Z,temperature,,40.1
DX-000001,2026-09-28T03:00:00Z,velocity_rms,H,1.894
DX-000001,2026-09-28T03:00:00Z,velocity_rms,V,1.320
DX-000001,2026-09-28T03:00:00Z,velocity_rms,A,0.943
DX-000001,2026-09-28T03:00:00Z,acceleration_rms,H,0.414
DX-000001,2026-09-28T03:00:00Z,acceleration_rms,V,0.337
DX-000001,2026-09-28T03:00:00Z,acceleration_rms,A,0.234
DX-000001,2026-09-28T03:00:00Z,temperature,,40.2
DX-000001,2026-09-28T03:10:00Z,velocity_rms,H,1.884
DX-000001,2026-09-28T03:10:00Z,velocity_rms,V,1.290
DX-000001,2026-09-28T03:10:00Z,velocity_rms,A,0.965
DX-000001,2026-09-28T03:10:00Z,acceleration_rms,H,0.417
DX-000001,2026-09-28T03:10:00Z,acceleration_rms,V,0.324
DX-000001,2026-09-28T03:10:00Z,acceleration_rms,A,0.230
DX-000001,2026-09-28T03:10:00Z,temperature,,40.9
DX-000001,2026-09-28T03:20:00Z,velocity_rms,H,1.858
DX-000001,2026-09-28T03:20:00Z,velocity_rms,V,1.357
DX-000001,2026-09-28T03:20:00Z,velocity_rms,A,0.963
DX-000001,2026-09-28T03:20:00Z,acceleration_rms,H,0.427
DX-000001,2026-09-28T03:20:00Z,acceleration_rms,V,0.326
DX-000001,2026-09-28T03:20:00Z,acceleration_rms,A,0.235
DX-000001,2026-09-28T03:20:00Z,temperature,,40.7
DX-000001,2026-09-28T03:30:00Z,velocity_rms,H,1.890
DX-000001,2026-09-28T03:30:00Z,velocity_rms,V,1.346
DX-000001,2026-09-28T03:30:00Z,velocity_rms,A,0.970
DX-000001,2026-09-28T03:30:00Z,acceleration_rms,H,0.419
DX-000001,2026-09-28T03:30:00Z,acceleration_rms,V,0.336
DX-000001,2026-09-28T03:30:00Z,acceleration_rms,A,0.233
DX-000001,2026-09-28T03:30:00Z,temperature,,41.0
DX-000001,2026-09-28T03:40:00Z,velocity_rms,H,1.949
DX-000001,2026-09-28T03:40:00Z,velocity_rms,V,1.329
DX-000001,2026-09-28T03:40:00Z,velocity_rms,A,0.960
DX-000001,2026-09-28T03:40:00Z,acceleration_rms,H,0.419
DX-000001,2026-09-28T03:40:00Z,acceleration_rms,V,0.331
DX-000001,2026-09-28T03:40:00Z,acceleration_rms,A,0.234
DX-000001,2026-09-28T03:40:00Z,temperature,,41.4
DX-000001,2026-09-28T03:50:00Z,velocity_rms,H,1.899
DX-000001,2026-09-28T03:50:00Z,velocity_rms,V,1.326
DX-000001,2026-09-28T03:50:00Z,velocity_rms,A,0.975
DX-000001,2026-09-28T03:50:00Z,acceleration_rms,H,0.434
DX-000001,2026-09-28T03:50:00Z,acceleration_rms,V,0.328
DX-000001,2026-09-28T03:50:00Z,acceleration_rms,A,0.235
DX-000001,2026-09-28T03:50:00Z,temperature,,41.1
DX-000001,2026-09-28T04:00:00Z,velocity_rms,H,1.905
DX-000001,2026-09-28T04:00:00Z,velocity_rms,V,1.315
DX-000001,2026-09-28T04:00:00Z,velocity_rms,A,0.982
DX-000001,2026-09-28T04:00:00Z,acceleration_rms,H,0.439
DX-000001,2026-09-28T04:00:00Z,acceleration_rms,V,0.334
DX-000001,2026-09-28T04:00:00Z,acceleration_rms,A,0.242
DX-000001,2026-09-28T04:00:00Z,temperature,,41.7
DX-000001,2026-09-28T04:10:00Z,velocity_rms,H,1.961
DX-000001,2026-09-28T04:10:00Z,velocity_rms,V,1.370
DX-000001,2026-09-28T04:10:00Z,velocity_rms,A,0.976
DX-000001,2026-09-28T04:10:00Z,acceleration_rms,H,0.444
DX-000001,2026-09-28T04:10:00Z,acceleration_rms,V,0.332
DX-000001,2026-09-28T04:10:00Z,acceleration_rms,A,0.245
DX-000001,2026-09-28T04:10:00Z,temperature,,41.8
DX-000001,2026-09-28T04:20:00Z,velocity_rms,H,1.947
DX-000001,2026-09-28T04:20:00Z,velocity_rms,V,1.385
DX-000001,2026-09-28T04:20:00Z,velocity_rms,A,0.975
DX-000001,2026-09-28T04:20:00Z,acceleration_rms,H,0.442
DX-000001,2026-09-28T04:20:00Z,acceleration_rms,V,0.333
DX-000001,2026-09-28T04:20:00Z,acceleration_rms,A,0.244
DX-000001,2026-09-28T04:20:00Z,temperature,,42.1
DX-000001,2026-09-28T04:30:00Z,velocity_rms,H,1.964
DX-000001,2026-09-28T04:30:00Z,velocity_rms,V,1.349
DX-000001,2026-09-28T04:30:00Z,velocity_rms,A,0.994
DX-000001,2026-09-28T04:30:00Z,acceleration_rms,H,0.428
DX-000001,2026-09-28T04:30:00Z,acceleration_rms,V,0.341
DX-000001,2026-09-28T04:30:00Z,acceleration_rms,A,0.247
DX-000001,2026-09-28T04:30:00Z,temperature,,42.4
DX-000001,2026-09-28T04:40:00Z,velocity_rms,H,1.921
DX-000001,2026-09-28T04:40:00Z,velocity_rms,V,1.368
DX-000001,2026-09-28T04:40:00Z,velocity_rms,A,0.972
DX-000001,2026-09-28T04:40:00Z,acceleration_rms,H,0.442
DX-000001,2026-09-28T04:40:00Z,acceleration_rms,V,0.346
DX-000001,2026-09-28T04:40:00Z,acceleration_rms,A,0.248
DX-000001,2026-09-28T04:40:00Z,temperature,,42.0
DX-000001,2026-09-28T04:50:00Z,velocity_rms,H,1.971
DX-000001,2026-09-28T04:50:00Z,velocity_rms,V,1.371
DX-000001,2026-09-28T04:50:00Z,velocity_rms,A,0.958
DX-000001,2026-09-28T04:50:00Z,acceleration_rms,H,0.446
DX-000001,2026-09-28T04:50:00Z,acceleration_rms,V,0.333
DX-000001,2026-09-28T04:50:00Z,acceleration_rms,A,0.246
DX-000001,2026-09-28T04:50:00Z,temperature,,42.5
DX-000001,2026-09-28T05:00:00Z,velocity_rms,H,1.972
DX-000001,2026-09-28T05:00:00Z,velocity_rms,V,1.354
DX-000001,2026-09-28T05:00:00Z,velocity_rms,A,0.985
DX-000001,2026-09-28T05:00:00Z,acceleration_rms,H,0.442
DX-000001,2026-09-28T05:00:00Z,acceleration_rms,V,0.351
DX-000001,2026-09-28T05:00:00Z,acceleration_rms,A,0.242
DX-000001,2026-09-28T05:00:00Z,temperature,,42.6
DX-000001,2026-09-28T05:10:00Z,velocity_rms,H,2.007
DX-000001,2026-09-28T05:10:00Z,velocity_rms,V,1.345
DX-000001,2026-09-28T05:10:00Z,velocity_rms,A,0.977
DX-000001,2026-09-28T05:10:00Z,acceleration_rms,H,0.446
DX-000001,2026-09-28T05:10:00Z,acceleration_rms,V,0.339
DX-000001,2026-09-28T05:10:00Z,acceleration_rms,A,0.251
DX-000001,2026-09-28T05:10:00Z,temperature,,43.2
DX-000001,2026-09-28T05:20:00Z,velocity_rms,H,1.975
DX-000001,2026-09-28T05:20:00Z,velocity_rms,V,1.352
DX-000001,2026-09-28T05:20:00Z,velocity_rms,A,0.963
DX-000001,2026-09-28T05:20:00Z,acceleration_rms,H,0.433
DX-000001,2026-09-28T05:20:00Z,acceleration_rms,V,0.343
DX-000001,2026-09-28T05:20:00Z,acceleration_rms,A,0.246
DX-000001,2026-09-28T05:20:00Z,temperature,,43.3
DX-000001,2026-09-28T05:30:00Z,velocity_rms,H,1.977
DX-000001,2026-09-28T05:30:00Z,velocity_rms,V,1.381
DX-000001,2026-09-28T05:30:00Z,velocity_rms,A,0.965
DX-000001,2026-09-28T05:30:00Z,acceleration_rms,H,0.446
DX-000001,2026-09-28T05:30:00Z,acceleration_rms,V,0.343
DX-000001,2026-09-28T05:30:00Z,acceleration_rms,A,0.245
DX-000001,2026-09-28T05:30:00Z,temperature,,43.2
DX-000001,2026-09-28T05:40:00Z,velocity_rms,H,1.940
DX-000001,2026-09-28T05:40:00Z,velocity_rms,V,1.411
DX-000001,2026-09-28T05:40:00Z,velocity_rms,A,1.008
DX-000001,2026-09-28T05:40:00Z,acceleration_rms,H,0.449
DX-000001,2026-09-28T05:40:00Z,acceleration_rms,V,0.352
DX-000001,2026-09-28T05:40:00Z,acceleration_rms,A,0.248
DX-000001,2026-09-28T05:40:00Z,temperature,,43.7
DX-000001,2026-09-28T05:50:00Z,velocity_rms,H,2.004
DX-000001,2026-09-28T05:50:00Z,velocity_rms,V,1.400
DX-000001,2026-09-28T05:50:00Z,velocity_rms,A,0.974
DX-000001,2026-09-28T05:50:00Z,acceleration_rms,H,0.458
DX-000001,2026-09-28T05:50:00Z,acceleration_rms,V,0.350
DX-000001,2026-09-28T05:50:00Z,acceleration_rms,A,0.254
DX-000001,2026-09-28T05:50:00Z,temperature,,43.8
DX-000001,2026-09-28T06:00:00Z,velocity_rms,H,2.019
DX-000001,2026-09-28T06:00:00Z,velocity_rms,V,1.397
DX-000001,2026-09-28T06:00:00Z,velocity_rms,A,0.992
DX-000001,2026-09-28T06:00:00Z,acceleration_rms,H,0.456
DX-000001,2026-09-28T06:00:00Z,acceleration_rms,V,0.353
DX-000001,2026-09-28T06:00:00Z,acceleration_rms,A,0.254
DX-000001,2026-09-28T06:00:00Z,temperature,,43.8
DX-000001,2026-09-28T06:10:00Z,velocity_rms,H,2.017
DX-000001,2026-09-28T06:10:00Z,velocity_rms,V,1.370
DX-000001,2026-09-28T06:10:00Z,velocity_rms,A,0.994
DX-000001,2026-09-28T06:10:00Z,acceleration_rms,H,0.443
DX-000001,2026-09-28T06:10:00Z,acceleration_rms,V,0.347
DX-000001,2026-09-28T06:10:00Z,acceleration_rms,A,0.245
DX-000001,2026-09-28T06:10:00Z,temperature,,44.1
DX-000001,2026-09-28T06:20:00Z,velocity_rms,H,1.972
DX-000001,2026-09-28T06:20:00Z,velocity_rms,V,1.433
DX-000001,2026-09-28T06:20:00Z,velocity_rms,A,1.026
DX-000001,2026-09-28T06:20:00Z,acceleration_rms,H,0.462
DX-000001,2026-09-28T06:20:00Z,acceleration_rms,V,0.344
DX-000001,2026-09-28T06:20:00Z,acceleration_rms,A,0.255
DX-000001,2026-09-28T06:20:00Z,temperature,,44.2
DX-000001,2026-09-28T06:30:00Z,velocity_rms,H,2.063
DX-000001,2026-09-28T06:30:00Z,velocity_rms,V,1.403
DX-000001,2026-09-28T06:30:00Z,velocity_rms,A,0.998
DX-000001,2026-09-28T06:30:00Z,acceleration_rms,H,0.449
DX-000001,2026-09-28T06:30:00Z,acceleration_rms,V,0.345
DX-000001,2026-09-28T06:30:00Z,acceleration_rms,A,0.247
DX-000001,2026-09-28T06:30:00Z,temperature,,44.6
DX-000001,2026-09-28T06:40:00Z,velocity_rms,H,2.013
DX-000001,2026-09-28T06:40:00Z,velocity_rms,V,1.386
DX-000001,2026-09-28T06:40:00Z,velocity_rms,A,1.030
DX-000001,2026-09-28T06:40:00Z,acceleration_rms,H,0.452
DX-000001,2026-09-28T06:40:00Z,acceleration_rms,V,0.360
DX-000001,2026-09-28T06:40:00Z,acceleration_rms,A,0.253
DX-000001,2026-09-28T06:40:00Z,temperature,,44.7
DX-000001,2026-09-28T06:50:00Z,velocity_rms,H,2.071
DX-000001,2026-09-28T06:50:00Z,velocity_rms,V,1.389
DX-000001,2026-09-28T06:50:00Z,velocity_rms,A,1.013
DX-000001,2026-09-28T06:50:00Z,acceleration_rms,H,0.447
DX-000001,2026-09-28T06:50:00Z,acceleration_rms,V,0.360
DX-000001,2026-09-28T06:50:00Z,acceleration_rms,A,0.255
DX-000001,2026-09-28T06:50:00Z,temperature,,45.3
DX-000001,2026-09-28T07:00:00Z,velocity_rms,H,2.064
DX-000001,2026-09-28T07:00:00Z,velocity_rms,V,1.444
DX-000001,2026-09-28T07:00:00Z,velocity_rms,A,1.022
DX-000001,2026-09-28T07:00:00Z,acceleration_rms,H,0.459
DX-000001,2026-09-28T07:00:00Z,acceleration_rms,V,0.352
DX-000001,2026-09-28T07:00:00Z,acceleration_rms,A,0.257
DX-000001,2026-09-28T07:00:00Z,temperature,,45.5
DX-000001,2026-09-28T07:10:00Z,velocity_rms,H,2.034
DX-000001,2026-09-28T07:10:00Z,velocity_rms,V,1.429
DX-000001,2026-09-28T07:10:00Z,velocity_rms,A,1.021
DX-000001,2026-09-28T07:10:00Z,acceleration_rms,H,0.464
DX-000001,2026-09-28T07:10:00Z,acceleration_rms,V,0.364
DX-000001,2026-09-28T07:10:00Z,acceleration_rms,A,0.253
DX-000001,2026-09-28T07:10:00Z,temperature,,45.3
DX-000001,2026-09-28T07:20:00Z,velocity_rms,H,2.006
DX-000001,2026-09-28T07:20:00Z,velocity_rms,V,1.404
DX-000001,2026-09-28T07:20:00Z,velocity_rms,A,1.014
DX-000001,2026-09-28T07:20:00Z,acceleration_rms,H,0.459
DX-000001,2026-09-28T07:20:00Z,acceleration_rms,V,0.357
DX-000001,2026-09-28T07:20:00Z,acceleration_rms,A,0.253
DX-000001,2026-09-28T07:20:00Z,temperature,,45.9
DX-000001,2026-09-28T07:30:00Z,velocity_rms,H,2.054
DX-000001,2026-09-28T07:30:00Z,velocity_rms,V,1.430
DX-000001,2026-09-28T07:30:00Z,velocity_rms,A,1.029
DX-000001,2026-09-28T07:30:00Z,acceleration_rms,H,0.457
DX-000001,2026-09-28T07:30:00Z,acceleration_rms,V,0.364
DX-000001,2026-09-28T07:30:00Z,acceleration_rms,A,0.263
DX-000001,2026-09-28T07:30:00Z,temperature,,46.2
DX-000001,2026-09-28T07:40:00Z,velocity_rms,H,2.062
DX-000001,2026-09-28T07:40:00Z,velocity_rms,V,1.466
DX-000001,2026-09-28T07:40:00Z,velocity_rms,A,1.052
DX-000001,2026-09-28T07:40:00Z,acceleration_rms,H,0.476
DX-000001,2026-09-28T07:40:00Z,acceleration_rms,V,0.355
DX-000001,2026-09-28T07:40:00Z,acceleration_rms,A,0.256
DX-000001,2026-09-28T07:40:00Z,temperature,,46.2
DX-000001,2026-09-28T07:50:00Z,velocity_rms,H,2.084
DX-000001,2026-09-28T07:50:00Z,velocity_rms,V,1.427
DX-000001,2026-09-28T07:50:00Z,velocity_rms,A,1.041
DX-000001,2026-09-28T07:50:00Z,acceleration_rms,H,0.467
DX-000001,2026-09-28T07:50:00Z,acceleration_rms,V,0.368
DX-000001,2026-09-28T07:50:00Z,acceleration_rms,A,0.255
DX-000001,2026-09-28T07:50:00Z,temperature,,46.1
DX-000001,2026-09-28T08:00:00Z,velocity_rms,H,2.052
DX-000001,2026-09-28T08:00:00Z,velocity_rms,V,1.435
DX-000001,2026-09-28T08:00:00Z,velocity_rms,A,1.019
DX-000001,2026-09-28T08:00:00Z,acceleration_rms,H,0.463
DX-000001,2026-09-28T08:00:00Z,acceleration_rms,V,0.356
DX-000001,2026-09-28T08:00:00Z,acceleration_rms,A,0.266
DX-000001,2026-09-28T08:00:00Z,temperature,,46.4
DX-000001,2026-09-28T08:10:00Z,velocity_rms,H,2.122
DX-000001,2026-09-28T08:10:00Z,velocity_rms,V,1.481
DX-000001,2026-09-28T08:10:00Z,velocity_rms,A,1.044
DX-000001,2026-09-28T08:10:00Z,acceleration_rms,H,0.464
DX-000001,2026-09-28T08:10:00Z,acceleration_rms,V,0.370
DX-000001,2026-09-28T08:10:00Z,acceleration_rms,A,0.257
DX-000001,2026-09-28T08:10:00Z,temperature,,46.8
DX-000001,2026-09-28T08:20:00Z,velocity_rms,H,2.089
DX-000001,2026-09-28T08:20:00Z,velocity_rms,V,1.465
DX-000001,2026-09-28T08:20:00Z,velocity_rms,A,1.068
DX-000001,2026-09-28T08:20:00Z,acceleration_rms,H,0.462
DX-000001,2026-09-28T08:20:00Z,acceleration_rms,V,0.371
DX-000001,2026-09-28T08:20:00Z,acceleration_rms,A,0.260
DX-000001,2026-09-28T08:20:00Z,temperature,,46.8
DX-000001,2026-09-28T08:30:00Z,velocity_rms,H,2.097
DX-000001,2026-09-28T08:30:00Z,velocity_rms,V,1.501
DX-000001,2026-09-28T08:30:00Z,velocity_rms,A,1.035
DX-000001,2026-09-28T08:30:00Z,acceleration_rms,H,0.463
DX-000001,2026-09-28T08:30:00Z,acceleration_rms,V,0.367
DX-000001,2026-09-28T08:30:00Z,acceleration_rms,A,0.267
DX-000001,2026-09-28T08:30:00Z,temperature,,47.2
DX-000001,2026-09-28T08:40:00Z,velocity_rms,H,2.087
DX-000001,2026-09-28T08:40:00Z,velocity_rms,V,1.469
DX-000001,2026-09-28T08:40:00Z,velocity_rms,A,1.045
DX-000001,2026-09-28T08:40:00Z,acceleration_rms,H,0.481
DX-000001,2026-09-28T08:40:00Z,acceleration_rms,V,0.373
DX-000001,2026-09-28T08:40:00Z,acceleration_rms,A,0.264
DX-000001,2026-09-28T08:40:00Z,temperature,,47.5
DX-000001,2026-09-28T08:50:00Z,velocity_rms,H,2.150
DX-000001,2026-09-28T08:50:00Z,velocity_rms,V,1.443
DX-000001,2026-09-28T08:50:00Z,velocity_rms,A,1.049
DX-000001,2026-09-28T08:50:00Z,acceleration_rms,H,0.474
DX-000001,2026-09-28T08:50:00Z,acceleration_rms,V,0.371
DX-000001,2026-09-28T08:50:00Z,acceleration_rms,A,0.262
DX-000001,2026-09-28T08:50:00Z,temperature,,47.1
DX-000001,2026-09-28T09:00:00Z,velocity_rms,H,2.127
DX-000001,2026-09-28T09:00:00Z,velocity_rms,V,1.495
DX-000001,2026-09-28T09:00:00Z,velocity_rms,A,1.072
DX-000001,2026-09-28T09:00:00Z,acceleration_rms,H,0.476
DX-000001,2026-09-28T09:00:00Z,acceleration_rms,V,0.365
DX-000001,2026-09-28T09:00:00Z,acceleration_rms,A,0.262
DX-000001,2026-09-28T09:00:00Z,temperature,,47.4
DX-000001,2026-09-28T09:10:00Z,velocity_rms,H,2.104
DX-000001,2026-09-28T09:10:00Z,velocity_rms,V,1.453
DX-000001,2026-09-28T09:10:00Z,velocity_rms,A,1.060
DX-000001,2026-09-28T09:10:00Z,acceleration_rms,H,0.485
DX-000001,2026-09-28T09:10:00Z,acceleration_rms,V,0.370
DX-000001,2026-09-28T09:10:00Z,acceleration_rms,A,0.261
DX-000001,2026-09-28T09:10:00Z,temperature,,47.9
DX-000001,2026-09-28T09:20:00Z,velocity_rms,H,2.147
DX-000001,2026-09-28T09:20:00Z,velocity_rms,V,1.483
DX-000001,2026-09-28T09:20:00Z,velocity_rms,A,1.086
DX-000001,2026-09-28T09:20:00Z,acceleration_rms,H,0.482
DX-000001,2026-09-28T09:20:00Z,acceleration_rms,V,0.371
DX-000001,2026-09-28T09:20:00Z,acceleration_rms,A,0.269
DX-000001,2026-09-28T09:20:00Z,temperature,,47.8
DX-000001,2026-09-28T09:30:00Z,velocity_rms,H,2.153
DX-000001,2026-09-28T09:30:00Z,velocity_rms,V,1.462
DX-000001,2026-09-28T09:30:00Z,velocity_rms,A,1.048
DX-000001,2026-09-28T09:30:00Z,acceleration_rms,H,0.489
DX-000001,2026-09-28T09:30:00Z,acceleration_rms,V,0.377
DX-000001,2026-09-28T09:30:00Z,acceleration_rms,A,0.272
DX-000001,2026-09-28T09:30:00Z,temperature,,48.1
DX-000001,2026-09-28T09:40:00Z,velocity_rms,H,2.118
DX-000001,2026-09-28T09:40:00Z,velocity_rms,V,1.475
DX-000001,2026-09-28T09:40:00Z,velocity_rms,A,1.080
DX-000001,2026-09-28T09:40:00Z,acceleration_rms,H,0.480
DX-000001,2026-09-28T09:40:00Z,acceleration_rms,V,0.380
DX-000001,2026-09-28T09:40:00Z,acceleration_rms,A,0.271
DX-000001,2026-09-28T09:40:00Z,temperature,,48.3
DX-000001,2026-09-28T09:50:00Z,velocity_rms,H,2.121
DX-000001,2026-09-28T09:50:00Z,velocity_rms,V,1.524
DX-000001,2026-09-28T09:50:00Z,velocity_rms,A,1.047
DX-000001,2026-09-28T09:50:00Z,acceleration_rms,H,0.479
DX-000001,2026-09-28T09:50:00Z,acceleration_rms,V,0.374
DX-000001,2026-09-28T09:50:00Z,acceleration_rms,A,0.263
DX-000001,2026-09-28T09:50:00Z,temperature,,48.3
DX-000001,2026-09-28T10:00:00Z,velocity_rms,H,2.156
DX-000001,2026-09-28T10:00:00Z,velocity_rms,V,1.531
DX-000001,2026-09-28T10:00:00Z,velocity_rms,A,1.093
DX-000001,2026-09-28T10:00:00Z,acceleration_rms,H,0.490
DX-000001,2026-09-28T10:00:00Z,acceleration_rms,V,0.369
DX-000001,2026-09-28T10:00:00Z,acceleration_rms,A,0.267
DX-000001,2026-09-28T10:00:00Z,temperature,,48.6
DX-000001,2026-09-28T10:10:00Z,velocity_rms,H,2.108
DX-000001,2026-09-28T10:10:00Z,velocity_rms,V,1.492
DX-000001,2026-09-28T10:10:00Z,velocity_rms,A,1.064
DX-000001,2026-09-28T10:10:00Z,acceleration_rms,H,0.487
DX-000001,2026-09-28T10:10:00Z,acceleration_rms,V,0.377
DX-000001,2026-09-28T10:10:00Z,acceleration_rms,A,0.263
DX-000001,2026-09-28T10:10:00Z,temperature,,48.5
DX-000001,2026-09-28T10:20:00Z,velocity_rms,H,2.170
DX-000001,2026-09-28T10:20:00Z,velocity_rms,V,1.527
DX-000001,2026-09-28T10:20:00Z,velocity_rms,A,1.068
DX-000001,2026-09-28T10:20:00Z,acceleration_rms,H,0.489
DX-000001,2026-09-28T10:20:00Z,acceleration_rms,V,0.378
DX-000001,2026-09-28T10:20:00Z,acceleration_rms,A,0.264
DX-000001,2026-09-28T10:20:00Z,temperature,,48.7
DX-000001,2026-09-28T10:30:00Z,velocity_rms,H,2.111
DX-000001,2026-09-28T10:30:00Z,velocity_rms,V,1.529
DX-000001,2026-09-28T10:30:00Z,velocity_rms,A,1.063
DX-000001,2026-09-28T10:30:00Z,acceleration_rms,H,0.489
DX-000001,2026-09-28T10:30:00Z,acceleration_rms,V,0.381
DX-000001,2026-09-28T10:30:00Z,acceleration_rms,A,0.265
DX-000001,2026-09-28T10:30:00Z,temperature,,48.6
DX-000001,2026-09-28T10:40:00Z,velocity_rms,H,2.157
DX-000001,2026-09-28T10:40:00Z,velocity_rms,V,1.484
DX-000001,2026-09-28T10:40:00Z,velocity_rms,A,1.088
DX-000001,2026-09-28T10:40:00Z,acceleration_rms,H,0.481
DX-000001,2026-09-28T10:40:00Z,acceleration_rms,V,0.377
DX-000001,2026-09-28T10:40:00Z,acceleration_rms,A,0.265
DX-000001,2026-09-28T10:40:00Z,temperature,,48.8
DX-000001,2026-09-28T10:50:00Z,velocity_rms,H,2.148
DX-000001,2026-09-28T10:50:00Z,velocity_rms,V,1.487
DX-000001,2026-09-28T10:50:00Z,velocity_rms,A,1.059
DX-000001,2026-09-28T10:50:00Z,acceleration_rms,H,0.491
DX-000001,2026-09-28T10:50:00Z,acceleration_rms,V,0.374
DX-000001,2026-09-28T10:50:00Z,acceleration_rms,A,0.265
DX-000001,2026-09-28T10:50:00Z,temperature,,48.9
DX-000001,2026-09-28T11:00:00Z,velocity_rms,H,2.132
DX-000001,2026-09-28T11:00:00Z,velocity_rms,V,1.482
DX-000001,2026-09-28T11:00:00Z,velocity_rms,A,1.079
DX-000001,2026-09-28T11:00:00Z,acceleration_rms,H,0.482
DX-000001,2026-09-28T11:00:00Z,acceleration_rms,V,0.380
DX-000001,2026-09-28T11:00:00Z,acceleration_rms,A,0.271
DX-000001,2026-09-28T11:00:00Z,temperature,,48.8
DX-000001,2026-09-28T11:10:00Z,velocity_rms,H,2.120
DX-000001,2026-09-28T11:10:00Z,velocity_rms,V,1.500
DX-000001,2026-09-28T11:10:00Z,velocity_rms,A,1.083
DX-000001,2026-09-28T11:10:00Z,acceleration_rms,H,0.496
DX-000001,2026-09-28T11:10:00Z,acceleration_rms,V,0.381
DX-000001,2026-09-28T11:10:00Z,acceleration_rms,A,0.275
DX-000001,2026-09-28T11:10:00Z,temperature,,48.7
DX-000001,2026-09-28T11:20:00Z,velocity_rms,H,2.123
DX-000001,2026-09-28T11:20:00Z,velocity_rms,V,1.505
DX-000001,2026-09-28T11:20:00Z,velocity_rms,A,1.056
DX-000001,2026-09-28T11:20:00Z,acceleration_rms,H,0.481
DX-000001,2026-09-28T11:20:00Z,acceleration_rms,V,0.369
DX-000001,2026-09-28T11:20:00Z,acceleration_rms,A,0.269
DX-000001,2026-09-28T11:20:00Z,temperature,,49.2
DX-000001,2026-09-28T11:30:00Z,velocity_rms,H,2.193
DX-000001,2026-09-28T11:30:00Z,velocity_rms,V,1.530
DX-000001,2026-09-28T11:30:00Z,velocity_rms,A,1.078
DX-000001,2026-09-28T11:30:00Z,acceleration_rms,H,0.490
DX-000001,2026-09-28T11:30:00Z,acceleration_rms,V,0.371
DX-000001,2026-09-28T11:30:00Z,acceleration_rms,A,0.268
DX-000001,2026-09-28T11:30:00Z,temperature,,49.0
DX-000001,2026-09-28T11:40:00Z,velocity_rms,H,2.147
DX-000001,2026-09-28T11:40:00Z,velocity_rms,V,1.532
DX-000001,2026-09-28T11:40:00Z,velocity_rms,A,1.070
DX-000001,2026-09-28T11:40:00Z,acceleration_rms,H,0.483
DX-000001,2026-09-28T11:40:00Z,acceleration_rms,V,0.386
DX-000001,2026-09-28T11:40:00Z,acceleration_rms,A,0.274
DX-000001,2026-09-28T11:40:00Z,temperature,,48.8
DX-000001,2026-09-28T11:50:00Z,velocity_rms,H,2.126
DX-000001,2026-09-28T11:50:00Z,velocity_rms,V,1.540
DX-000001,2026-09-28T11:50:00Z,velocity_rms,A,1.090
DX-000001,2026-09-28T11:50:00Z,acceleration_rms,H,0.482
DX-000001,2026-09-28T11:50:00Z,acceleration_rms,V,0.381
DX-000001,2026-09-28T11:50:00Z,acceleration_rms,A,0.271
DX-000001,2026-09-28T11:50:00Z,temperature,,49.1
DX-000001,2026-09-28T12:00:00Z,velocity_rms,H,2.115
DX-000001,2026-09-28T12:00:00Z,velocity_rms,V,1.523
DX-000001,2026-09-28T12:00:00Z,velocity_rms,A,1.066
DX-000001,2026-09-28T12:00:00Z,acceleration_rms,H,0.484
DX-000001,2026-09-28T12:00:00Z,acceleration_rms,V,0.374
DX-000001,2026-09-28T12:00:00Z,acceleration_rms,A,0.264
DX-000001,2026-09-28T12:00:00Z,temperature,,49.0
DX-000001,2026-09-28T12:10:00Z,velocity_rms,H,2.188
DX-000001,2026-09-28T12:10:00Z,velocity_rms,V,1.480
DX-000001,2026-09-28T12:10:00Z,velocity_rms,A,1.105
DX-000001,2026-09-28T12:10:00Z,acceleration_rms,H,0.491
DX-000001,2026-09-28T12:10:00Z,acceleration_rms,V,0.376
DX-000001,2026-09-28T12:10:00Z,acceleration_rms,A,0.264
DX-000001,2026-09-28T12:10:00Z,temperature,,48.8
DX-000001,2026-09-28T12:20:00Z,velocity_rms,H,2.114
DX-000001,2026-09-28T12:20:00Z,velocity_rms,V,1.506
DX-000001,2026-09-28T12:20:00Z,velocity_rms,A,1.069
DX-000001,2026-09-28T12:20:00Z,acceleration_rms,H,0.484
DX-000001,2026-09-28T12:20:00Z,acceleration_rms,V,0.373
DX-000001,2026-09-28T12:20:00Z,acceleration_rms,A,0.268
DX-000001,2026-09-28T12:20:00Z,temperature,,49.1
DX-000001,2026-09-28T12:30:00Z,velocity_rms,H,2.142
DX-000001,2026-09-28T12:30:00Z,velocity_rms,V,1.479
DX-000001,2026-09-28T12:30:00Z,velocity_rms,A,1.055
DX-000001,2026-09-28T12:30:00Z,acceleration_rms,H,0.490
DX-000001,2026-09-28T12:30:00Z,acceleration_rms,V,0.379
DX-000001,2026-09-28T12:30:00Z,acceleration_rms,A,0.267
DX-000001,2026-09-28T12:30:00Z,temperature,,48.8
DX-000001,2026-09-28T12:40:00Z,velocity_rms,H,2.127
DX-000001,2026-09-28T12:40:00Z,velocity_rms,V,1.500
DX-000001,2026-09-28T12:40:00Z,velocity_rms,A,1.096
DX-000001,2026-09-28T12:40:00Z,acceleration_rms,H,0.482
DX-000001,2026-09-28T12:40:00Z,acceleration_rms,V,0.378
DX-000001,2026-09-28T12:40:00Z,acceleration_rms,A,0.264
DX-000001,2026-09-28T12:40:00Z,temperature,,49.1
DX-000001,2026-09-28T12:50:00Z,velocity_rms,H,2.196
DX-000001,2026-09-28T12:50:00Z,velocity_rms,V,1.535
DX-000001,2026-09-28T12:50:00Z,velocity_rms,A,1.071
DX-000001,2026-09-28T12:50:00Z,acceleration_rms,H,0.494
DX-000001,2026-09-28T12:50:00Z,acceleration_rms,V,0.374
DX-000001,2026-09-28T12:50:00Z,acceleration_rms,A,0.274
DX-000001,2026-09-28T12:50:00Z,temperature,,48.7
DX-000001,2026-09-28T13:00:00Z,velocity_rms,H,2.193
DX-000001,2026-09-28T13:00:00Z,velocity_rms,V,1.529
DX-000001,2026-09-28T13:00:00Z,velocity_rms,A,1.074
DX-000001,2026-09-28T13:00:00Z,acceleration_rms,H,0.487
DX-000001,2026-09-28T13:00:00Z,acceleration_rms,V,0.380
DX-000001,2026-09-28T13:00:00Z,acceleration_rms,A,0.272
DX-000001,2026-09-28T13:00:00Z,temperature,,48.9
DX-000001,2026-09-28T13:10:00Z,velocity_rms,H,2.112
DX-000001,2026-09-28T13:10:00Z,velocity_rms,V,1.514
DX-000001,2026-09-28T13:10:00Z,velocity_rms,A,1.059
DX-000001,2026-09-28T13:10:00Z,acceleration_rms,H,0.491
DX-000001,2026-09-28T13:10:00Z,acceleration_rms,V,0.374
DX-000001,2026-09-28T13:10:00Z,acceleration_rms,A,0.275
DX-000001,2026-09-28T13:10:00Z,temperature,,49.0
DX-000001,2026-09-28T13:20:00Z,velocity_rms,H,2.184
DX-000001,2026-09-28T13:20:00Z,velocity_rms,V,1.523
DX-000001,2026-09-28T13:20:00Z,velocity_rms,A,1.068
DX-000001,2026-09-28T13:20:00Z,acceleration_rms,H,0.485
DX-000001,2026-09-28T13:20:00Z,acceleration_rms,V,0.375
DX-000001,2026-09-28T13:20:00Z,acceleration_rms,A,0.264
DX-000001,2026-09-28T13:20:00Z,temperature,,48.8
DX-000001,2026-09-28T13:30:00Z,velocity_rms,H,2.141
DX-000001,2026-09-28T13:30:00Z,velocity_rms,V,1.471
DX-000001,2026-09-28T13:30:00Z,velocity_rms,A,1.077
DX-000001,2026-09-28T13:30:00Z,acceleration_rms,H,0.473
DX-000001,2026-09-28T13:30:00Z,acceleration_rms,V,0.367
DX-000001,2026-09-28T13:30:00Z,acceleration_rms,A,0.262
DX-000001,2026-09-28T13:30:00Z,temperature,,48.6
DX-000001,2026-09-28T13:40:00Z,velocity_rms,H,2.171
DX-000001,2026-09-28T13:40:00Z,velocity_rms,V,1.467
DX-000001,2026-09-28T13:40:00Z,velocity_rms,A,1.076
DX-000001,2026-09-28T13:40:00Z,acceleration_rms,H,0.490
DX-000001,2026-09-28T13:40:00Z,acceleration_rms,V,0.380
DX-000001,2026-09-28T13:40:00Z,acceleration_rms,A,0.263
DX-000001,2026-09-28T13:40:00Z,temperature,,48.7
DX-000001,2026-09-28T13:50:00Z,velocity_rms,H,2.146
DX-000001,2026-09-28T13:50:00Z,velocity_rms,V,1.515
DX-000001,2026-09-28T13:50:00Z,velocity_rms,A,1.061
DX-000001,2026-09-28T13:50:00Z,acceleration_rms,H,0.487
DX-000001,2026-09-28T13:50:00Z,acceleration_rms,V,0.375
DX-000001,2026-09-28T13:50:00Z,acceleration_rms,A,0.268
DX-000001,2026-09-28T13:50:00Z,temperature,,48.6
DX-000001,2026-09-28T14:00:00Z,velocity_rms,H,2.135
DX-000001,2026-09-28T14:00:00Z,velocity_rms,V,1.494
DX-000001,2026-09-28T14:00:00Z,velocity_rms,A,1.060
DX-000001,2026-09-28T14:00:00Z,acceleration_rms,H,0.486
DX-000001,2026-09-28T14:00:00Z,acceleration_rms,V,0.370
DX-000001,2026-09-28T14:00:00Z,acceleration_rms,A,0.265
DX-000001,2026-09-28T14:00:00Z,temperature,,48.3
DX-000001,2026-09-28T14:10:00Z,velocity_rms,H,2.136
DX-000001,2026-09-28T14:10:00Z,velocity_rms,V,1.520
DX-000001,2026-09-28T14:10:00Z,velocity_rms,A,1.051
DX-000001,2026-09-28T14:10:00Z,acceleration_rms,H,0.490
DX-000001,2026-09-28T14:10:00Z,acceleration_rms,V,0.375
DX-000001,2026-09-28T14:10:00Z,acceleration_rms,A,0.261
DX-000001,2026-09-28T14:10:00Z,temperature,,48.1
DX-000001,2026-09-28T14:20:00Z,velocity_rms,H,2.129
DX-000001,2026-09-28T14:20:00Z,velocity_rms,V,1.492
DX-000001,2026-09-28T14:20:00Z,velocity_rms,A,1.059
DX-000001,2026-09-28T14:20:00Z,acceleration_rms,H,0.471
DX-000001,2026-09-28T14:20:00Z,acceleration_rms,V,0.380
DX-000001,2026-09-28T14:20:00Z,acceleration_rms,A,0.271
DX-000001,2026-09-28T14:20:00Z,temperature,,48.0
DX-000001,2026-09-28T14:30:00Z,velocity_rms,H,2.123
DX-000001,2026-09-28T14:30:00Z,velocity_rms,V,1.493
DX-000001,2026-09-28T14:30:00Z,velocity_rms,A,1.077
DX-000001,2026-09-28T14:30:00Z,acceleration_rms,H,0.490
DX-000001,2026-09-28T14:30:00Z,acceleration_rms,V,0.373
DX-000001,2026-09-28T14:30:00Z,acceleration_rms,A,0.269
DX-000001,2026-09-28T14:30:00Z,temperature,,47.8
DX-000001,2026-09-28T14:40:00Z,velocity_rms,H,2.102
DX-000001,2026-09-28T14:40:00Z,velocity_rms,V,1.461
DX-000001,2026-09-28T14:40:00Z,velocity_rms,A,1.064
DX-000001,2026-09-28T14:40:00Z,acceleration_rms,H,0.471
DX-000001,2026-09-28T14:40:00Z,acceleration_rms,V,0.364
DX-000001,2026-09-28T14:40:00Z,acceleration_rms,A,0.267
DX-000001,2026-09-28T14:40:00Z,temperature,,47.6
DX-000001,2026-09-28T14:50:00Z,velocity_rms,H,2.083
DX-000001,2026-09-28T14:50:00Z,velocity_rms,V,1.490
DX-000001,2026-09-28T14:50:00Z,velocity_rms,A,1.066
DX-000001,2026-09-28T14:50:00Z,acceleration_rms,H,0.475
DX-000001,2026-09-28T14:50:00Z,acceleration_rms,V,0.364
DX-000001,2026-09-28T14:50:00Z,acceleration_rms,A,0.270
DX-000001,2026-09-28T14:50:00Z,temperature,,47.8
DX-000001,2026-09-28T15:00:00Z,velocity_rms,H,2.132
DX-000001,2026-09-28T15:00:00Z,velocity_rms,V,1.458
DX-000001,2026-09-28T15:00:00Z,velocity_rms,A,1.038
DX-000001,2026-09-28T15:00:00Z,acceleration_rms,H,0.468
DX-000001,2026-09-28T15:00:00Z,acceleration_rms,V,0.363
DX-000001,2026-09-28T15:00:00Z,acceleration_rms,A,0.263
DX-000001,2026-09-28T15:00:00Z,temperature,,47.2
DX-000001,2026-09-28T15:10:00Z,velocity_rms,H,2.120
DX-000001,2026-09-28T15:10:00Z,velocity_rms,V,1.464
DX-000001,2026-09-28T15:10:00Z,velocity_rms,A,1.062
DX-000001,2026-09-28T15:10:00Z,acceleration_rms,H,0.474
DX-000001,2026-09-28T15:10:00Z,acceleration_rms,V,0.363
DX-000001,2026-09-28T15:10:00Z,acceleration_rms,A,0.259
DX-000001,2026-09-28T15:10:00Z,temperature,,47.4
DX-000001,2026-09-28T15:20:00Z,velocity_rms,H,2.132
DX-000001,2026-09-28T15:20:00Z,velocity_rms,V,1.465
DX-000001,2026-09-28T15:20:00Z,velocity_rms,A,1.044
DX-000001,2026-09-28T15:20:00Z,acceleration_rms,H,0.467
DX-000001,2026-09-28T15:20:00Z,acceleration_rms,V,0.373
DX-000001,2026-09-28T15:20:00Z,acceleration_rms,A,0.258
DX-000001,2026-09-28T15:20:00Z,temperature,,47.1
DX-000001,2026-09-28T15:30:00Z,velocity_rms,H,2.101
DX-000001,2026-09-28T15:30:00Z,velocity_rms,V,1.466
DX-000001,2026-09-28T15:30:00Z,velocity_rms,A,1.029
DX-000001,2026-09-28T15:30:00Z,acceleration_rms,H,0.467
DX-000001,2026-09-28T15:30:00Z,acceleration_rms,V,0.359
DX-000001,2026-09-28T15:30:00Z,acceleration_rms,A,0.262
DX-000001,2026-09-28T15:30:00Z,temperature,,47.1
DX-000001,2026-09-28T15:40:00Z,velocity_rms,H,2.062
DX-000001,2026-09-28T15:40:00Z,velocity_rms,V,1.492
DX-000001,2026-09-28T15:40:00Z,velocity_rms,A,1.036
DX-000001,2026-09-28T15:40:00Z,acceleration_rms,H,0.480
DX-000001,2026-09-28T15:40:00Z,acceleration_rms,V,0.361
DX-000001,2026-09-28T15:40:00Z,acceleration_rms,A,0.264
DX-000001,2026-09-28T15:40:00Z,temperature,,47.0
DX-000001,2026-09-28T15:50:00Z,velocity_rms,H,2.089
DX-000001,2026-09-28T15:50:00Z,velocity_rms,V,1.475
DX-000001,2026-09-28T15:50:00Z,velocity_rms,A,1.025
DX-000001,2026-09-28T15:50:00Z,acceleration_rms,H,0.470
DX-000001,2026-09-28T15:50:00Z,acceleration_rms,V,0.359
DX-000001,2026-09-28T15:50:00Z,acceleration_rms,A,0.257
DX-000001,2026-09-28T15:50:00Z,temperature,,46.4
DX-000001,2026-09-28T16:00:00Z,velocity_rms,H,2.113
DX-000001,2026-09-28T16:00:00Z,velocity_rms,V,1.468
DX-000001,2026-09-28T16:00:00Z,velocity_rms,A,1.064
DX-000001,2026-09-28T16:00:00Z,acceleration_rms,H,0.469
DX-000001,2026-09-28T16:00:00Z,acceleration_rms,V,0.359
DX-000001,2026-09-28T16:00:00Z,acceleration_rms,A,0.265
DX-000001,2026-09-28T16:00:00Z,temperature,,46.5
DX-000001,2026-09-28T16:10:00Z,velocity_rms,H,2.051
DX-000001,2026-09-28T16:10:00Z,velocity_rms,V,1.460
DX-000001,2026-09-28T16:10:00Z,velocity_rms,A,1.020
DX-000001,2026-09-28T16:10:00Z,acceleration_rms,H,0.471
DX-000001,2026-09-28T16:10:00Z,acceleration_rms,V,0.361
DX-000001,2026-09-28T16:10:00Z,acceleration_rms,A,0.264
DX-000001,2026-09-28T16:10:00Z,temperature,,46.0
DX-000001,2026-09-28T16:20:00Z,velocity_rms,H,2.043
DX-000001,2026-09-28T16:20:00Z,velocity_rms,V,1.480
DX-000001,2026-09-28T16:20:00Z,velocity_rms,A,1.030
DX-000001,2026-09-28T16:20:00Z,acceleration_rms,H,0.465
DX-000001,2026-09-28T16:20:00Z,acceleration_rms,V,0.355
DX-000001,2026-09-28T16:20:00Z,acceleration_rms,A,0.259
DX-000001,2026-09-28T16:20:00Z,temperature,,46.0
DX-000001,2026-09-28T16:30:00Z,velocity_rms,H,2.039
DX-000001,2026-09-28T16:30:00Z,velocity_rms,V,1.477
DX-000001,2026-09-28T16:30:00Z,velocity_rms,A,1.017
DX-000001,2026-09-28T16:30:00Z,acceleration_rms,H,0.458
DX-000001,2026-09-28T16:30:00Z,acceleration_rms,V,0.359
DX-000001,2026-09-28T16:30:00Z,acceleration_rms,A,0.261
DX-000001,2026-09-28T16:30:00Z,temperature,,45.9
DX-000001,2026-09-28T16:40:00Z,velocity_rms,H,2.096
DX-000001,2026-09-28T16:40:00Z,velocity_rms,V,1.469
DX-000001,2026-09-28T16:40:00Z,velocity_rms,A,1.052
DX-000001,2026-09-28T16:40:00Z,acceleration_rms,H,0.466
DX-000001,2026-09-28T16:40:00Z,acceleration_rms,V,0.361
DX-000001,2026-09-28T16:40:00Z,acceleration_rms,A,0.253
DX-000001,2026-09-28T16:40:00Z,temperature,,45.7
DX-000001,2026-09-28T16:50:00Z,velocity_rms,H,2.022
DX-000001,2026-09-28T16:50:00Z,velocity_rms,V,1.450
DX-000001,2026-09-28T16:50:00Z,velocity_rms,A,1.003
DX-000001,2026-09-28T16:50:00Z,acceleration_rms,H,0.453
DX-000001,2026-09-28T16:50:00Z,acceleration_rms,V,0.365
DX-000001,2026-09-28T16:50:00Z,acceleration_rms,A,0.253
DX-000001,2026-09-28T16:50:00Z,temperature,,45.5
DX-000001,2026-09-28T17:00:00Z,velocity_rms,H,2.064
DX-000001,2026-09-28T17:00:00Z,velocity_rms,V,1.445
DX-000001,2026-09-28T17:00:00Z,velocity_rms,A,1.005
DX-000001,2026-09-28T17:00:00Z,acceleration_rms,H,0.467
DX-000001,2026-09-28T17:00:00Z,acceleration_rms,V,0.358
DX-000001,2026-09-28T17:00:00Z,acceleration_rms,A,0.253
DX-000001,2026-09-28T17:00:00Z,temperature,,45.6
DX-000001,2026-09-28T17:10:00Z,velocity_rms,H,2.044
DX-000001,2026-09-28T17:10:00Z,velocity_rms,V,1.408
DX-000001,2026-09-28T17:10:00Z,velocity_rms,A,1.007
DX-000001,2026-09-28T17:10:00Z,acceleration_rms,H,0.467
DX-000001,2026-09-28T17:10:00Z,acceleration_rms,V,0.352
DX-000001,2026-09-28T17:10:00Z,acceleration_rms,A,0.258
DX-000001,2026-09-28T17:10:00Z,temperature,,45.3
DX-000001,2026-09-28T17:20:00Z,velocity_rms,H,1.989
DX-000001,2026-09-28T17:20:00Z,velocity_rms,V,1.408
DX-000001,2026-09-28T17:20:00Z,velocity_rms,A,1.013
DX-000001,2026-09-28T17:20:00Z,acceleration_rms,H,0.454
DX-000001,2026-09-28T17:20:00Z,acceleration_rms,V,0.358
DX-000001,2026-09-28T17:20:00Z,acceleration_rms,A,0.252
DX-000001,2026-09-28T17:20:00Z,temperature,,44.8
DX-000001,2026-09-28T17:30:00Z,velocity_rms,H,2.044
DX-000001,2026-09-28T17:30:00Z,velocity_rms,V,1.428
DX-000001,2026-09-28T17:30:00Z,velocity_rms,A,1.015
DX-000001,2026-09-28T17:30:00Z,acceleration_rms,H,0.457
DX-000001,2026-09-28T17:30:00Z,acceleration_rms,V,0.352
DX-000001,2026-09-28T17:30:00Z,acceleration_rms,A,0.251
DX-000001,2026-09-28T17:30:00Z,temperature,,44.9
DX-000001,2026-09-28T17:40:00Z,velocity_rms,H,2.043
DX-000001,2026-09-28T17:40:00Z,velocity_rms,V,1.406
DX-000001,2026-09-28T17:40:00Z,velocity_rms,A,0.983
DX-000001,2026-09-28T17:40:00Z,acceleration_rms,H,0.446
DX-000001,2026-09-28T17:40:00Z,acceleration_rms,V,0.360
DX-000001,2026-09-28T17:40:00Z,acceleration_rms,A,0.255
DX-000001,2026-09-28T17:40:00Z,temperature,,44.5
DX-000001,2026-09-28T17:50:00Z,velocity_rms,H,2.050
DX-000001,2026-09-28T17:50:00Z,velocity_rms,V,1.433
DX-000001,2026-09-28T17:50:00Z,velocity_rms,A,1.001
DX-000001,2026-09-28T17:50:00Z,acceleration_rms,H,0.457
DX-000001,2026-09-28T17:50:00Z,acceleration_rms,V,0.351
DX-000001,2026-09-28T17:50:00Z,acceleration_rms,A,0.252
DX-000001,2026-09-28T17:50:00Z,temperature,,44.2
DX-000001,2026-09-28T18:00:00Z,velocity_rms,H,1.960
DX-000001,2026-09-28T18:00:00Z,velocity_rms,V,1.400
DX-000001,2026-09-28T18:00:00Z,velocity_rms,A,0.997
DX-000001,2026-09-28T18:00:00Z,acceleration_rms,H,0.445
DX-000001,2026-09-28T18:00:00Z,acceleration_rms,V,0.354
DX-000001,2026-09-28T18:00:00Z,acceleration_rms,A,0.251
DX-000001,2026-09-28T18:00:00Z,temperature,,44.2
DX-000001,2026-09-28T18:10:00Z,velocity_rms,H,1.991
DX-000001,2026-09-28T18:10:00Z,velocity_rms,V,1.418
DX-000001,2026-09-28T18:10:00Z,velocity_rms,A,0.973
DX-000001,2026-09-28T18:10:00Z,acceleration_rms,H,0.438
DX-000001,2026-09-28T18:10:00Z,acceleration_rms,V,0.348
DX-000001,2026-09-28T18:10:00Z,acceleration_rms,A,0.245
DX-000001,2026-09-28T18:10:00Z,temperature,,43.7
DX-000001,2026-09-28T18:20:00Z,velocity_rms,H,1.950
DX-000001,2026-09-28T18:20:00Z,velocity_rms,V,1.372
DX-000001,2026-09-28T18:20:00Z,velocity_rms,A,0.997
DX-000001,2026-09-28T18:20:00Z,acceleration_rms,H,0.447
DX-000001,2026-09-28T18:20:00Z,acceleration_rms,V,0.354
DX-000001,2026-09-28T18:20:00Z,acceleration_rms,A,0.246
DX-000001,2026-09-28T18:20:00Z,temperature,,43.5
DX-000001,2026-09-28T18:30:00Z,velocity_rms,H,1.980
DX-000001,2026-09-28T18:30:00Z,velocity_rms,V,1.390
DX-000001,2026-09-28T18:30:00Z,velocity_rms,A,0.970
DX-000001,2026-09-28T18:30:00Z,acceleration_rms,H,0.448
DX-000001,2026-09-28T18:30:00Z,acceleration_rms,V,0.352
DX-000001,2026-09-28T18:30:00Z,acceleration_rms,A,0.245
DX-000001,2026-09-28T18:30:00Z,temperature,,43.3
DX-000001,2026-09-28T18:40:00Z,velocity_rms,H,1.928
DX-000001,2026-09-28T18:40:00Z,velocity_rms,V,1.377
DX-000001,2026-09-28T18:40:00Z,velocity_rms,A,0.998
DX-000001,2026-09-28T18:40:00Z,acceleration_rms,H,0.435
DX-000001,2026-09-28T18:40:00Z,acceleration_rms,V,0.348
DX-000001,2026-09-28T18:40:00Z,acceleration_rms,A,0.248
DX-000001,2026-09-28T18:40:00Z,temperature,,42.9
DX-000001,2026-09-28T18:50:00Z,velocity_rms,H,1.951
DX-000001,2026-09-28T18:50:00Z,velocity_rms,V,1.369
DX-000001,2026-09-28T18:50:00Z,velocity_rms,A,1.000
DX-000001,2026-09-28T18:50:00Z,acceleration_rms,H,0.439
DX-000001,2026-09-28T18:50:00Z,acceleration_rms,V,0.342
DX-000001,2026-09-28T18:50:00Z,acceleration_rms,A,0.249
DX-000001,2026-09-28T18:50:00Z,temperature,,42.8
DX-000001,2026-09-28T19:00:00Z,velocity_rms,H,1.930
DX-000001,2026-09-28T19:00:00Z,velocity_rms,V,1.403
DX-000001,2026-09-28T19:00:00Z,velocity_rms,A,0.956
DX-000001,2026-09-28T19:00:00Z,acceleration_rms,H,0.441
DX-000001,2026-09-28T19:00:00Z,acceleration_rms,V,0.343
DX-000001,2026-09-28T19:00:00Z,acceleration_rms,A,0.241
DX-000001,2026-09-28T19:00:00Z,temperature,,42.6
DX-000001,2026-09-28T19:10:00Z,velocity_rms,H,1.912
DX-000001,2026-09-28T19:10:00Z,velocity_rms,V,1.343
DX-000001,2026-09-28T19:10:00Z,velocity_rms,A,0.978
DX-000001,2026-09-28T19:10:00Z,acceleration_rms,H,0.440
DX-000001,2026-09-28T19:10:00Z,acceleration_rms,V,0.344
DX-000001,2026-09-28T19:10:00Z,acceleration_rms,A,0.246
DX-000001,2026-09-28T19:10:00Z,temperature,,42.6
DX-000001,2026-09-28T19:20:00Z,velocity_rms,H,1.960
DX-000001,2026-09-28T19:20:00Z,velocity_rms,V,1.334
DX-000001,2026-09-28T19:20:00Z,velocity_rms,A,0.994
DX-000001,2026-09-28T19:20:00Z,acceleration_rms,H,0.431
DX-000001,2026-09-28T19:20:00Z,acceleration_rms,V,0.340
DX-000001,2026-09-28T19:20:00Z,acceleration_rms,A,0.241
DX-000001,2026-09-28T19:20:00Z,temperature,,42.5
DX-000001,2026-09-28T19:30:00Z,velocity_rms,H,1.908
DX-000001,2026-09-28T19:30:00Z,velocity_rms,V,1.370
DX-000001,2026-09-28T19:30:00Z,velocity_rms,A,0.962
DX-000001,2026-09-28T19:30:00Z,acceleration_rms,H,0.433
DX-000001,2026-09-28T19:30:00Z,acceleration_rms,V,0.341
DX-000001,2026-09-28T19:30:00Z,acceleration_rms,A,0.242
DX-000001,2026-09-28T19:30:00Z,temperature,,42.1
DX-000001,2026-09-28T19:40:00Z,velocity_rms,H,1.934
DX-000001,2026-09-28T19:40:00Z,velocity_rms,V,1.342
DX-000001,2026-09-28T19:40:00Z,velocity_rms,A,0.958
DX-000001,2026-09-28T19:40:00Z,acceleration_rms,H,0.426
DX-000001,2026-09-28T19:40:00Z,acceleration_rms,V,0.333
DX-000001,2026-09-28T19:40:00Z,acceleration_rms,A,0.236
DX-000001,2026-09-28T19:40:00Z,temperature,,41.7
DX-000001,2026-09-28T19:50:00Z,velocity_rms,H,1.951
DX-000001,2026-09-28T19:50:00Z,velocity_rms,V,1.372
DX-000001,2026-09-28T19:50:00Z,velocity_rms,A,0.942
DX-000001,2026-09-28T19:50:00Z,acceleration_rms,H,0.442
DX-000001,2026-09-28T19:50:00Z,acceleration_rms,V,0.329
DX-000001,2026-09-28T19:50:00Z,acceleration_rms,A,0.243
DX-000001,2026-09-28T19:50:00Z,temperature,,41.5
DX-000001,2026-09-28T20:00:00Z,velocity_rms,H,1.958
DX-000001,2026-09-28T20:00:00Z,velocity_rms,V,1.326
DX-000001,2026-09-28T20:00:00Z,velocity_rms,A,0.984
DX-000001,2026-09-28T20:00:00Z,acceleration_rms,H,0.441
DX-000001,2026-09-28T20:00:00Z,acceleration_rms,V,0.331
DX-000001,2026-09-28T20:00:00Z,acceleration_rms,A,0.240
DX-000001,2026-09-28T20:00:00Z,temperature,,41.3
DX-000001,2026-09-28T20:10:00Z,velocity_rms,H,1.924
DX-000001,2026-09-28T20:10:00Z,velocity_rms,V,1.330
DX-000001,2026-09-28T20:10:00Z,velocity_rms,A,0.958
DX-000001,2026-09-28T20:10:00Z,acceleration_rms,H,0.424
DX-000001,2026-09-28T20:10:00Z,acceleration_rms,V,0.331
DX-000001,2026-09-28T20:10:00Z,acceleration_rms,A,0.244
DX-000001,2026-09-28T20:10:00Z,temperature,,41.4
DX-000001,2026-09-28T20:20:00Z,velocity_rms,H,1.913
DX-000001,2026-09-28T20:20:00Z,velocity_rms,V,1.327
DX-000001,2026-09-28T20:20:00Z,velocity_rms,A,0.940
DX-000001,2026-09-28T20:20:00Z,acceleration_rms,H,0.433
DX-000001,2026-09-28T20:20:00Z,acceleration_rms,V,0.332
DX-000001,2026-09-28T20:20:00Z,acceleration_rms,A,0.242
DX-000001,2026-09-28T20:20:00Z,temperature,,40.8
DX-000001,2026-09-28T20:30:00Z,velocity_rms,H,1.952
DX-000001,2026-09-28T20:30:00Z,velocity_rms,V,1.329
DX-000001,2026-09-28T20:30:00Z,velocity_rms,A,0.951
DX-000001,2026-09-28T20:30:00Z,acceleration_rms,H,0.427
DX-000001,2026-09-28T20:30:00Z,acceleration_rms,V,0.329
DX-000001,2026-09-28T20:30:00Z,acceleration_rms,A,0.233
DX-000001,2026-09-28T20:30:00Z,temperature,,40.7
DX-000001,2026-09-28T20:40:00Z,velocity_rms,H,1.874
DX-000001,2026-09-28T20:40:00Z,velocity_rms,V,1.341
DX-000001,2026-09-28T20:40:00Z,velocity_rms,A,0.953
DX-000001,2026-09-28T20:40:00Z,acceleration_rms,H,0.438
DX-000001,2026-09-28T20:40:00Z,acceleration_rms,V,0.335
DX-000001,2026-09-28T20:40:00Z,acceleration_rms,A,0.238
DX-000001,2026-09-28T20:40:00Z,temperature,,41.0
DX-000001,2026-09-28T20:50:00Z,velocity_rms,H,1.872
DX-000001,2026-09-28T20:50:00Z,velocity_rms,V,1.325
DX-000001,2026-09-28T20:50:00Z,velocity_rms,A,0.966
DX-000001,2026-09-28T20:50:00Z,acceleration_rms,H,0.430
DX-000001,2026-09-28T20:50:00Z,acceleration_rms,V,0.327
DX-000001,2026-09-28T20:50:00Z,acceleration_rms,A,0.232
DX-000001,2026-09-28T20:50:00Z,temperature,,40.4
DX-000001,2026-09-28T21:00:00Z,velocity_rms,H,1.875
DX-000001,2026-09-28T21:00:00Z,velocity_rms,V,1.299
DX-000001,2026-09-28T21:00:00Z,velocity_rms,A,0.934
DX-000001,2026-09-28T21:00:00Z,acceleration_rms,H,0.421
DX-000001,2026-09-28T21:00:00Z,acceleration_rms,V,0.332
DX-000001,2026-09-28T21:00:00Z,acceleration_rms,A,0.241
DX-000001,2026-09-28T21:00:00Z,temperature,,40.7
DX-000001,2026-09-28T21:10:00Z,velocity_rms,H,1.907
DX-000001,2026-09-28T21:10:00Z,velocity_rms,V,1.334
DX-000001,2026-09-28T21:10:00Z,velocity_rms,A,0.937
DX-000001,2026-09-28T21:10:00Z,acceleration_rms,H,0.425
DX-000001,2026-09-28T21:10:00Z,acceleration_rms,V,0.336
DX-000001,2026-09-28T21:10:00Z,acceleration_rms,A,0.239
DX-000001,2026-09-28T21:10:00Z,temperature,,40.5
DX-000001,2026-09-28T21:20:00Z,velocity_rms,H,1.910
DX-000001,2026-09-28T21:20:00Z,velocity_rms,V,1.344
DX-000001,2026-09-28T21:20:00Z,velocity_rms,A,0.955
DX-000001,2026-09-28T21:20:00Z,acceleration_rms,H,0.429
DX-000001,2026-09-28T21:20:00Z,acceleration_rms,V,0.333
DX-000001,2026-09-28T21:20:00Z,acceleration_rms,A,0.236
DX-000001,2026-09-28T21:20:00Z,temperature,,40.1
DX-000001,2026-09-28T21:30:00Z,velocity_rms,H,1.886
DX-000001,2026-09-28T21:30:00Z,velocity_rms,V,1.283
DX-000001,2026-09-28T21:30:00Z,velocity_rms,A,0.936
DX-000001,2026-09-28T21:30:00Z,acceleration_rms,H,0.425
DX-000001,2026-09-28T21:30:00Z,acceleration_rms,V,0.334
DX-000001,2026-09-28T21:30:00Z,acceleration_rms,A,0.228
DX-000001,2026-09-28T21:30:00Z,temperature,,39.8
DX-000001,2026-09-28T21:40:00Z,velocity_rms,H,1.855
DX-000001,2026-09-28T21:40:00Z,velocity_rms,V,1.322
DX-000001,2026-09-28T21:40:00Z,velocity_rms,A,0.913
DX-000001,2026-09-28T21:40:00Z,acceleration_rms,H,0.426
DX-000001,2026-09-28T21:40:00Z,acceleration_rms,V,0.333
DX-000001,2026-09-28T21:40:00Z,acceleration_rms,A,0.229
DX-000001,2026-09-28T21:40:00Z,temperature,,39.9
DX-000001,2026-09-28T21:50:00Z,velocity_rms,H,1.876
DX-000001,2026-09-28T21:50:00Z,velocity_rms,V,1.304
DX-000001,2026-09-28T21:50:00Z,velocity_rms,A,0.925
DX-000001,2026-09-28T21:50:00Z,acceleration_rms,H,0.425
DX-000001,2026-09-28T21:50:00Z,acceleration_rms,V,0.334
DX-000001,2026-09-28T21:50:00Z,acceleration_rms,A,0.228
DX-000001,2026-09-28T21:50:00Z,temperature,,39.8
DX-000001,2026-09-28T22:00:00Z,velocity_rms,H,1.848
DX-000001,2026-09-28T22:00:00Z,velocity_rms,V,1.319
DX-000001,2026-09-28T22:00:00Z,velocity_rms,A,0.909
DX-000001,2026-09-28T22:00:00Z,acceleration_rms,H,0.419
DX-000001,2026-09-28T22:00:00Z,acceleration_rms,V,0.318
DX-000001,2026-09-28T22:00:00Z,acceleration_rms,A,0.228
DX-000001,2026-09-28T22:00:00Z,temperature,,39.6
DX-000001,2026-09-28T22:10:00Z,velocity_rms,H,1.906
DX-000001,2026-09-28T22:10:00Z,velocity_rms,V,1.272
DX-000001,2026-09-28T22:10:00Z,velocity_rms,A,0.919
DX-000001,2026-09-28T22:10:00Z,acceleration_rms,H,0.418
DX-000001,2026-09-28T22:10:00Z,acceleration_rms,V,0.327
DX-000001,2026-09-28T22:10:00Z,acceleration_rms,A,0.231
DX-000001,2026-09-28T22:10:00Z,temperature,,39.5
DX-000001,2026-09-28T22:20:00Z,velocity_rms,H,1.812
DX-000001,2026-09-28T22:20:00Z,velocity_rms,V,1.328
DX-000001,2026-09-28T22:20:00Z,velocity_rms,A,0.944
DX-000001,2026-09-28T22:20:00Z,acceleration_rms,H,0.410
DX-000001,2026-09-28T22:20:00Z,acceleration_rms,V,0.319
DX-000001,2026-09-28T22:20:00Z,acceleration_rms,A,0.228
DX-000001,2026-09-28T22:20:00Z,temperature,,39.5
DX-000001,2026-09-28T22:30:00Z,velocity_rms,H,1.863
DX-000001,2026-09-28T22:30:00Z,velocity_rms,V,1.321
DX-000001,2026-09-28T22:30:00Z,velocity_rms,A,0.936
DX-000001,2026-09-28T22:30:00Z,acceleration_rms,H,0.421
DX-000001,2026-09-28T22:30:00Z,acceleration_rms,V,0.325
DX-000001,2026-09-28T22:30:00Z,acceleration_rms,A,0.231
DX-000001,2026-09-28T22:30:00Z,temperature,,39.4
DX-000001,2026-09-28T22:40:00Z,velocity_rms,H,1.888
DX-000001,2026-09-28T22:40:00Z,velocity_rms,V,1.329
DX-000001,2026-09-28T22:40:00Z,velocity_rms,A,0.939
DX-000001,2026-09-28T22:40:00Z,acceleration_rms,H,0.417
DX-000001,2026-09-28T22:40:00Z,acceleration_rms,V,0.318
DX-000001,2026-09-28T22:40:00Z,acceleration_rms,A,0.232
DX-000001,2026-09-28T22:40:00Z,temperature,,39.3
DX-000001,2026-09-28T22:50:00Z,velocity_rms,H,1.871
DX-000001,2026-09-28T22:50:00Z,velocity_rms,V,1.327
DX-000001,2026-09-28T22:50:00Z,velocity_rms,A,0.945
DX-000001,2026-09-28T22:50:00Z,acceleration_rms,H,0.424
DX-000001,2026-09-28T22:50:00Z,acceleration_rms,V,0.330
DX-000001,2026-09-28T22:50:00Z,acceleration_rms,A,0.232
DX-000001,2026-09-28T22:50:00Z,temperature,,39.3
DX-000001,2026-09-28T23:00:00Z,velocity_rms,H,1.895
DX-000001,2026-09-28T23:00:00Z,velocity_rms,V,1.277
DX-000001,2026-09-28T23:00:00Z,velocity_rms,A,0.936
DX-000001,2026-09-28T23:00:00Z,acceleration_rms,H,0.415
DX-000001,2026-09-28T23:00:00Z,acceleration_rms,V,0.328
DX-000001,2026-09-28T23:00:00Z,acceleration_rms,A,0.227
DX-000001,2026-09-28T23:00:00Z,temperature,,39.1
DX-000001,2026-09-28T23:10:00Z,velocity_rms,H,1.808
DX-000001,2026-09-28T23:10:00Z,velocity_rms,V,1.289
DX-000001,2026-09-28T23:10:00Z,velocity_rms,A,0.898
DX-000001,2026-09-28T23:10:00Z,acceleration_rms,H,0.425
DX-000001,2026-09-28T23:10:00Z,acceleration_rms,V,0.323
DX-000001,2026-09-28T23:10:00Z,acceleration_rms,A,0.228
DX-000001,2026-09-28T23:10:00Z,temperature,,39.2
DX-000001,2026-09-28T23:20:00Z,velocity_rms,H,1.805
DX-000001,2026-09-28T23:20:00Z,velocity_rms,V,1.279
DX-000001,2026-09-28T23:20:00Z,velocity_rms,A,0.899
DX-000001,2026-09-28T23:20:00Z,acceleration_rms,H,0.410
DX-000001,2026-09-28T23:20:00Z,acceleration_rms,V,0.323
DX-000001,2026-09-28T23:20:00Z,acceleration_rms,A,0.227
DX-000001,2026-09-28T23:20:00Z,temperature,,39.2
DX-000001,2026-09-28T23:30:00Z,velocity_rms,H,1.824
DX-000001,2026-09-28T23:30:00Z,velocity_rms,V,1.266
DX-000001,2026-09-28T23:30:00Z,velocity_rms,A,0.923
DX-000001,2026-09-28T23:30:00Z,acceleration_rms,H,0.416
DX-000001,2026-09-28T23:30:00Z,acceleration_rms,V,0.325
DX-000001,2026-09-28T23:30:00Z,acceleration_rms,A,0.229
DX-000001,2026-09-28T23:30:00Z,temperature,,39.3
DX-000001,2026-09-28T23:40:00Z,velocity_rms,H,1.886
DX-000001,2026-09-28T23:40:00Z,velocity_rms,V,1.261
DX-000001,2026-09-28T23:40:00Z,velocity_rms,A,0.898
DX-000001,2026-09-28T23:40:00Z,acceleration_rms,H,0.405
DX-000001,2026-09-28T23:40:00Z,acceleration_rms,V,0.329
DX-000001,2026-09-28T23:40:00Z,acceleration_rms,A,0.234
DX-000001,2026-09-28T23:40:00Z,temperature,,38.9
DX-000001,2026-09-28T23:50:00Z,velocity_rms,H,1.816
DX-000001,2026-09-28T23:50:00Z,velocity_rms,V,1.257
DX-000001,2026-09-28T23:50:00Z,velocity_rms,A,0.925
DX-000001,2026-09-28T23:50:00Z,acceleration_rms,H,0.422
DX-000001,2026-09-28T23:50:00Z,acceleration_rms,V,0.317
DX-000001,2026-09-28T23:50:00Z,acceleration_rms,A,0.233
DX-000001,2026-09-28T23:50:00Z,temperature,,38.8
